Etapa,CPC DANE Ver. 2.1 A.C,Categoria,Subcategoria,Producto,Unidad de medida recomendada por el DANE,Errores_detectados
25 Abril 2026 - Incluir y capturar imagen,2111101,Carne,Aves,Alas de pollo,Kilogramo,
25 Abril 2026 - Incluir y capturar imagen,2111101,Carne,Aves,Menudencias de pollo,Kilogramo,
25 Abril 2026 - Incluir y capturar imagen,2111101,Carne,Aves,Pescuezo de pollo,Kilogramo,
25 Abril 2026 - Incluir y capturar imagen,2111101,Carne,Bovino,Carne res molida mixta,Kilogramo,
25 Abril 2026 - Incluir y capturar imagen,2111101,Carne,Bovino,Corazón de res,Kilogramo,
25 Abril 2026 - Incluir y capturar imagen,2111101,Carne,Bovino,Costilla de res,Kilogramo,
25 Abril 2026 - Incluir y capturar imagen,2111101,Carne,Bovino,Hígado de res,Kilogramo,
25 Abril 2026 - Incluir y capturar imagen,2111101,Carne,Bovino,Lengua de res,Kilogramo,
25 Abril 2026 - Incluir y capturar imagen,2111101,Carne,Bovino,Mondongo de res,Kilogramo,
25 Abril 2026 - Incluir y capturar imagen,2111101,Carne,Porcino,Morcilla cruda,Kilogramo,
25 Abril 2026 - Incluir y capturar imagen,2111101,Carne,Bovino,Pajarilla de res,Kilogramo,
25 Abril 2026 - Incluir y capturar imagen,2111101,Carne,Porcino,Cabeza de cerdo,Kilogramo,
25 Abril 2026 - Incluir y capturar imagen,2111101,Carne,Porcino,Chunchullo o Chunchurria,Kilogramo, 
25 Abril 2026 - Incluir y capturar imagen,2111101,Carne,Porcino,Oreja de cerdo,Kilogramo,
25 Abril 2026 - Incluir y capturar imagen,2111101,Carne,Porcino,Tocino fresco,Kilogramo,
25 Abril 2026 - Incluir y capturar imagen,0134199,Frutas frescas,Tropicales,Anón,Kilogramo,
25 Abril 2026 - Incluir y capturar imagen,0134199,Frutas frescas,Tropicales,Atemoya,Kilogramo,
25 Abril 2026 - Incluir y capturar imagen,0134199,Frutas frescas,Tropicales,Bilimbí,Kilogramo,
25 Abril 2026 - Incluir y capturar imagen,0134199,Frutas frescas,Tropicales,Ciruela amarilla,Kilogramo,
25 Abril 2026 - Incluir y capturar imagen,0134199,Frutas frescas,Tropicales,Curuba roja,Kilogramo,
25 Abril 2026 - Incluir y capturar imagen,0134199,Frutas frescas,Tropicales,Durazno amarillo,Kilogramo,
25 Abril 2026 - Incluir y capturar imagen,0134199,Frutas frescas,Tropicales,Fruta pan,Kilogramo,
25 Abril 2026 - Incluir y capturar imagen,0134199,Frutas frescas,Tropicales,Fruta pan verde,Kilogramo,
25 Abril 2026 - Incluir y capturar imagen,0134199,Frutas frescas,Tropicales,Granadilla amarilla,Kilogramo,
25 Abril 2026 - Incluir y capturar imagen,0134199,Frutas frescas,Tropicales,Grosella negra,Kilogramo,
25 Abril 2026 - Incluir y capturar imagen,0134199,Frutas frescas,Tropicales,Grosella roja,Kilogramo,
25 Abril 2026 - Incluir y capturar imagen,0134199,Frutas frescas,Tropicales,Guayaba agria,Kilogramo,
25 Abril 2026 - Incluir y capturar imagen,0134199,Frutas frescas,Tropicales,Guayaba pera,Kilogramo,
25 Abril 2026 - Incluir y capturar imagen,0134199,Frutas frescas,Tropicales,Icaco,Kilogramo,
25 Abril 2026 - Incluir y capturar imagen,0134199,Frutas frescas,Tropicales,Kiwi amarillo,Kilogramo,
25 Abril 2026 - Incluir y capturar imagen,0134199,Frutas frescas,Tropicales,Lulo castilla,Kilogramo,
25 Abril 2026 - Incluir y capturar imagen,0134199,Frutas frescas,Tropicales,Lulo híbrido,Kilogramo,
25 Abril 2026 - Incluir y capturar imagen,0134199,Frutas frescas,Tropicales,Mangostán pequeño,Kilogramo,
25 Abril 2026 - Incluir y capturar imagen,0134199,Frutas frescas,Tropicales,Maracuyá grande,Kilogramo,
25 Abril 2026 - Incluir y capturar imagen,0134199,Frutas frescas,Tropicales,Maracuyá rojo,Kilogramo,
25 Abril 2026 - Incluir y capturar imagen,0134199,Frutas frescas,Tropicales,Melón cantalupo,Kilogramo,
25 Abril 2026 - Incluir y capturar imagen,0134199,Frutas frescas,Tropicales,Melón galia,Kilogramo,
25 Abril 2026 - Incluir y capturar imagen,0134199,Frutas frescas,Tropicales,Melón piel de sapo,Kilogramo,
25 Abril 2026 - Incluir y capturar imagen,0134199,Frutas frescas,Tropicales,Níspero,Kilogramo,
25 Abril 2026 - Incluir y capturar imagen,0134199,Frutas frescas,Tropicales,Pitahaya blanca,Kilogramo,
25 Abril 2026 - Incluir y capturar imagen,0134199,Frutas frescas,Tropicales,Pitahaya rosada,Kilogramo,
25 Abril 2026 - Incluir y capturar imagen,0134199,Frutas frescas,Tropicales,Pomarrosa,Kilogramo,
25 Abril 2026 - Incluir y capturar imagen,0134199,Frutas frescas,Tropicales,Tamarindo fresco,Kilogramo,
25 Abril 2026 - Incluir y capturar imagen,0134199,Frutas frescas,Tropicales,Uchuva verde,Kilogramo,
25 Abril 2026 - Incluir y capturar imagen,0134199,Frutas frescas,Tropicales,Zapote negro,Kilogramo,
25 Abril 2026 - Incluir y capturar imagen,0111101,Granos,Granos y legumbres,Arroz integral,Kilogramo,
25 Abril 2026 - Incluir y capturar imagen,0111101,Granos,Granos y legumbres,Arroz negro,Kilogramo,
25 Abril 2026 - Incluir y capturar imagen,0111101,Granos,Granos y legumbres,Arroz rojo,Kilogramo,
25 Abril 2026 - Incluir y capturar imagen,0111101,Granos,Granos y legumbres,Arveja partida,Kilogramo,
25 Abril 2026 - Incluir y capturar imagen,0111101,Granos,Granos y legumbres,Arveja seca,Kilogramo,
25 Abril 2026 - Incluir y capturar imagen,0111101,Granos,Granos y legumbres,Avena grano,Kilogramo,
25 Abril 2026 - Incluir y capturar imagen,0111101,Granos,Granos y legumbres,Avena pelada,Kilogramo,
25 Abril 2026 - Incluir y capturar imagen,0111101,Granos,Granos y legumbres,Cebada grano,Kilogramo,
25 Abril 2026 - Incluir y capturar imagen,0111101,Granos,Granos y legumbres,Cebada perlada,Kilogramo,
25 Abril 2026 - Incluir y capturar imagen,0111101,Granos,Granos y legumbres,Fríjol caupí,Kilogramo,
25 Abril 2026 - Incluir y capturar imagen,0111101,Granos,Granos y legumbres,Fríjol mungo,Kilogramo,
25 Abril 2026 - Incluir y capturar imagen,0111101,Granos,Granos y legumbres,Fríjol mungo germinado,Kilogramo,
25 Abril 2026 - Incluir y capturar imagen,0111101,Granos,Granos y legumbres,Garbanzo tostado,Kilogramo,
25 Abril 2026 - Incluir y capturar imagen,0111101,Granos,Granos y legumbres,Garbanzo verde,Kilogramo,
25 Abril 2026 - Incluir y capturar imagen,0111101,Granos,Granos y legumbres,Haba fresca,Kilogramo,
25 Abril 2026 - Incluir y capturar imagen,0111101,Granos,Granos y legumbres,Haba seca,Kilogramo,
25 Abril 2026 - Incluir y capturar imagen,0111101,Granos,Granos y legumbres,Lenteja amarilla,Kilogramo,
25 Abril 2026 - Incluir y capturar imagen,0111101,Granos,Granos y legumbres,Lenteja roja,Kilogramo,
25 Abril 2026 - Incluir y capturar imagen,0111101,Granos,Granos y legumbres,Lenteja verde,Kilogramo,
25 Abril 2026 - Incluir y capturar imagen,0111101,Granos,Granos y legumbres,Mijo,Kilogramo,
25 Abril 2026 - Incluir y capturar imagen,0111101,Granos,Granos y legumbres,Sorgo blanco,Kilogramo,
25 Abril 2026 - Incluir y capturar imagen,0111101,Granos,Granos y legumbres,Sorgo rojo,Kilogramo,
25 Abril 2026 - Incluir y capturar imagen,0111101,Granos,Granos y legumbres,Soya,Kilogramo,
25 Abril 2026 - Incluir y capturar imagen,0111101,Granos,Granos y legumbres,Soya verde,Kilogramo,
25 Abril 2026 - Incluir y capturar imagen,0111101,Granos,Granos y legumbres,Trigo,Kilogramo,
25 Abril 2026 - Incluir y capturar imagen,0111101,Granos,Granos y legumbres,Trigo duro,Kilogramo,
25 Abril 2026 - Incluir y capturar imagen,0112801,Hortalizas,Frutos,Ají chocolate,Kilogramo,
25 Abril 2026 - Incluir y capturar imagen,0112801,Hortalizas,Frutos,Ají limo,Kilogramo,
25 Abril 2026 - Incluir y capturar imagen,0112801,Hortalizas,Frutos,Ají rocoto,Kilogramo,
25 Abril 2026 - Incluir y capturar imagen,0112801,Hortalizas,Frutos,Ají serrano fresco,Kilogramo,
25 Abril 2026 - Incluir y capturar imagen,0112801,Hortalizas,Frutos,Berenjena baby,Kilogramo,
25 Abril 2026 - Incluir y capturar imagen,0112801,Hortalizas,Frutos,Berenjena japonesa,Kilogramo,
25 Abril 2026 - Incluir y capturar imagen,0112801,Hortalizas,Frutos,Berenjena rayada,Kilogramo,
25 Abril 2026 - Incluir y capturar imagen,0112801,Hortalizas,Frutos,Calabaza amarilla,Kilogramo,
25 Abril 2026 - Incluir y capturar imagen,0112801,Hortalizas,Frutos,Calabaza italiana,Kilogramo,
25 Abril 2026 - Incluir y capturar imagen,0112801,Hortalizas,Frutos,Calabaza japonesa,Kilogramo,
25 Abril 2026 - Incluir y capturar imagen,0112801,Hortalizas,Frutos,Chayote grande,Kilogramo,
25 Abril 2026 - Incluir y capturar imagen,0112801,Hortalizas,Frutos,Chayote tierno,Kilogramo,
25 Abril 2026 - Incluir y capturar imagen,0112801,Hortalizas,Frutos,Okra,Kilogramo,
25 Abril 2026 - Incluir y capturar imagen,0112801,Hortalizas,Frutos,Pepino baby,Kilogramo,
25 Abril 2026 - Incluir y capturar imagen,0112801,Hortalizas,Frutos,Pepino cohombro,Kilogramo,
25 Abril 2026 - Incluir y capturar imagen,0112801,Hortalizas,Frutos,Pepino europeo,Kilogramo,
25 Abril 2026 - Incluir y capturar imagen,0112801,Hortalizas,Frutos,Pimentón baby,Kilogramo,
25 Abril 2026 - Incluir y capturar imagen,0112801,Hortalizas,Frutos,Pimentón italiano,Kilogramo,
25 Abril 2026 - Incluir y capturar imagen,0112801,Hortalizas,Frutos,Pimentón verde,Kilogramo,
25 Abril 2026 - Incluir y capturar imagen,0112801,Hortalizas,Frutos,Tomate cocktail,Kilogramo,
25 Abril 2026 - Incluir y capturar imagen,0112801,Hortalizas,Frutos,Tomate heirloom,Kilogramo,
25 Abril 2026 - Incluir y capturar imagen,0112801,Hortalizas,Frutos,Tomate perita,Kilogramo,
25 Abril 2026 - Incluir y capturar imagen,0112801,Hortalizas,Frutos,Tomate roma,Kilogramo,
25 Abril 2026 - Incluir y capturar imagen,0112801,Hortalizas,Frutos,Tomatillo,Kilogramo,
25 Abril 2026 - Incluir y capturar imagen,0112405,Hortalizas,Hojas,Acelga baby,Kilogramo,
25 Abril 2026 - Incluir y capturar imagen,0112801,Hortalizas,Hojas,Achicoria,Kilogramo,
25 Abril 2026 - Incluir y capturar imagen,0112405,Hortalizas,Hojas,Albahaca morada,Kilogramo,
25 Abril 2026 - Incluir y capturar imagen,0112405,Hortalizas,Hojas,Albahaca thai,Kilogramo,
25 Abril 2026 - Incluir y capturar imagen,0112405,Hortalizas,Hojas,Artemisa,Kilogramo,
25 Abril 2026 - Incluir y capturar imagen,0112405,Hortalizas,Hojas,Berro criollo,Kilogramo,
25 Abril 2026 - Incluir y capturar imagen,0112405,Hortalizas,Hojas,Berro europeo,Kilogramo,
25 Abril 2026 - Incluir y capturar imagen,0112405,Hortalizas,Hojas,Bok choy,Kilogramo,
25 Abril 2026 - Incluir y capturar imagen,0112405,Hortalizas,Hojas,Canónigos,Kilogramo,
25 Abril 2026 - Incluir y capturar imagen,0112405,Hortalizas,Hojas,Cedrón,Kilogramo,
25 Abril 2026 - Incluir y capturar imagen,0112405,Hortalizas,Hojas,Cilantro cimarrón,Kilogramo,
25 Abril 2026 - Incluir y capturar imagen,0112405,Hortalizas,Hojas,Col lombarda,Kilogramo,
25 Abril 2026 - Incluir y capturar imagen,0112405,Hortalizas,Hojas,Col rizada,Kilogramo,
25 Abril 2026 - Incluir y capturar imagen,0112405,Hortalizas,Hojas,Culantro amazónico,Kilogramo,
25 Abril 2026 - Incluir y capturar imagen,0112405,Hortalizas,Hojas,Diente de león,Kilogramo,
25 Abril 2026 - Incluir y capturar imagen,0112405,Hortalizas,Hojas,Endibia,Kilogramo,
25 Abril 2026 - Incluir y capturar imagen,0112405,Hortalizas,Hojas,Escarola,Kilogramo,
25 Abril 2026 - Incluir y capturar imagen,0112405,Hortalizas,Hojas,Espinaca baby,Kilogramo,
25 Abril 2026 - Incluir y capturar imagen,0112405,Hortalizas,Hojas,Hierbabuena fresca,Kilogramo,
25 Abril 2026 - Incluir y capturar imagen,0112405,Hortalizas,Hojas,Hoja de achira,Kilogramo,
25 Abril 2026 - Incluir y capturar imagen,0112405,Hortalizas,Hojas,Hoja de remolacha,Kilogramo,
25 Abril 2026 - Incluir y capturar imagen,0112405,Hortalizas,Hojas,Hoja de yuca,Kilogramo,
25 Abril 2026 - Incluir y capturar imagen,0112405,Hortalizas,Hojas,Hoja de zanahoria,Kilogramo,
25 Abril 2026 - Incluir y capturar imagen,0112405,Hortalizas,Hojas,Kale,Kilogramo,
25 Abril 2026 - Incluir y capturar imagen,0112405,Hortalizas,Hojas,Kale morado,Kilogramo,
25 Abril 2026 - Incluir y capturar imagen,0112405,Hortalizas,Hojas,Malva,Kilogramo,
25 Abril 2026 - Incluir y capturar imagen,0112405,Hortalizas,Hojas,Mentha poleo,Kilogramo,
25 Abril 2026 - Incluir y capturar imagen,0112405,Hortalizas,Hojas,Mostaza morada,Kilogramo,
25 Abril 2026 - Incluir y capturar imagen,0112405,Hortalizas,Hojas,Mostaza verde,Kilogramo,
25 Abril 2026 - Incluir y capturar imagen,0112405,Hortalizas,Hojas,Pak choi,Kilogramo,
25 Abril 2026 - Incluir y capturar imagen,0112405,Hortalizas,Hojas,Ruda,Kilogramo,
25 Abril 2026 - Incluir y capturar imagen,0112405,Hortalizas,Hojas,Rúgula,Kilogramo,
25 Abril 2026 - Incluir y capturar imagen,0112405,Hortalizas,Hojas,Rúgula baby,Kilogramo,
25 Abril 2026 - Incluir y capturar imagen,0112405,Hortalizas,Hojas,Toronjil,Kilogramo,
25 Abril 2026 - Incluir y capturar imagen,0112801,Hortalizas,Inflorescencias,Alcachofa,Kilogramo,
25 Abril 2026 - Incluir y capturar imagen,0112801,Hortalizas,Inflorescencias,Flor de calabaza,Kilogramo,
25 Abril 2026 - Incluir y capturar imagen,0112801,Hortalizas,Raíces,Apio nabo,Kilogramo,
25 Abril 2026 - Incluir y capturar imagen,0112801,Hortalizas,Tallos/Bulbos,Hinojo,Kilogramo,
25 Abril 2026 - Incluir y capturar imagen,2140101,Lácteos,Frescos,Arequipe artesanal,Kilogramo,
25 Abril 2026 - Incluir y capturar imagen,2140101,Lácteos,Frescos,Cuajada fresca,Kilogramo,
25 Abril 2026 - Incluir y capturar imagen,2140101,Lácteos,Frescos,Kumis,Kilogramo,
25 Abril 2026 - Incluir y capturar imagen,2140101,Lácteos,Frescos,Leche descremada,Kilogramo,
25 Abril 2026 - Incluir y capturar imagen,2140101,Lácteos,Frescos,Leche entera cruda,Kilogramo,
25 Abril 2026 - Incluir y capturar imagen,2140101,Lácteos,Frescos,Natilla fresca,Kilogramo,
25 Abril 2026 - Incluir y capturar imagen,2140101,Lácteos,Frescos,Queso campesino,Kilogramo,
25 Abril 2026 - Incluir y capturar imagen,2140101,Lácteos,Frescos,Queso doble crema,Kilogramo,
25 Abril 2026 - Incluir y capturar imagen,2140101,Lácteos,Frescos,Suero costeño,Kilogramo,
25 Abril 2026 - Incluir y capturar imagen,2140101,Lácteos,Frescos,Yogur natural,Kilogramo,
25 Abril 2026 - Incluir y capturar imagen,2122101,Pesca,Crustáceos,Cangrejo,Kilogramo,
25 Abril 2026 - Incluir y capturar imagen,2122101,Pesca,Crustáceos,Jaiba,Kilogramo,
25 Abril 2026 - Incluir y capturar imagen,2122101,Pesca,Molusco,Almeja,Kilogramo,
25 Abril 2026 - Incluir y capturar imagen,2122101,Pesca,Molusco,Almeja viva,Kilogramo,
25 Abril 2026 - Incluir y capturar imagen,2122101,Pesca,Pescado de agua dulce,Bocachico,Kilogramo,
25 Abril 2026 - Incluir y capturar imagen,2122101,Pesca,Pescado de agua dulce,Bocachico seco,Kilogramo,
25 Abril 2026 - Incluir y capturar imagen,2122101,Pesca,Pescado de agua dulce,Mojarra plateada,Kilogramo,
25 Abril 2026 - Incluir y capturar imagen,2122101,Pesca,Pescado de agua dulce,Mojarra roja,Kilogramo,
25 Abril 2026 - Incluir y capturar imagen,2122101,Pesca,Pescado de agua dulce,Trucha entera,Kilogramo,
25 Abril 2026 - Incluir y capturar imagen,2122101,Pesca,Pescado de agua dulce,Trucha filete,Kilogramo,
25 Abril 2026 - Incluir y capturar imagen,0111101,Pseudocereales,Quinoa,Amaranto grano,Kilogramo,
25 Abril 2026 - Incluir y capturar imagen,0111101,Pseudocereales,Quinoa,Quinoa negra,Kilogramo,
25 Abril 2026 - Incluir y capturar imagen,0111101,Pseudocereales,Quinoa,Quinoa roja,Kilogramo,